marketplace_id, id, email, ratio
1201,36024, M01@utah.edu,1
1201,36025, M02@utah.edu,0.933333
1201,36026, M03@utah.edu,1
1201,36027, M04@utah.edu,1
1201,36028, M05@utah.edu,1
1201,36029, M06@utah.edu,1
1201,36030, M07@utah.edu,0.866667
1201,36031, M08@utah.edu,1
1201,36032, M09@utah.edu,0
1201,36033, M10@utah.edu,0
1201,36034, M11@utah.edu,0
1201,36035, M12@utah.edu,0
